Test #,Full Date,Total Counts,Live Time [Minutes],% Counts (A),% Counts (B),% Counts (C),% Counts (D),High Voltage,HV Duty Cycle,Air Temperature [Celsius],Relative Humidity [%],Leakage Current,Battery Voltage,Pump Current [mA],Flags Byte,Radon Concentration [Bq/m3],Radon Concentration 2-Sigma Uncert. [Bq/m3],Units Byte,Run #,Cycle #
511,05/28/26 12:03,1,18.7,0.0,0.0,0.0,0.0, 2201, 9,23.4, 9, 2,6.85, 10, 4,0.0000000,15.8819600, 254,01*,01*
512,05/28/26 12:23,1,18.7,0.0,0.0,0.0,0.0, 2218, 8,23.4, 9, 2,6.76, 10, 4,0.0000000,15.8819600, 254,01*,02*
513,05/28/26 12:43,1,18.7,0.0,0.0,0.0,0.0, 2236, 8,23.4, 8, 2,6.79, 10, 4,0.0000000,15.8819600, 254,01*,03*
514,05/28/26 13:03,2,18.7,0.0,0.0,0.0,0.0, 2218, 8,23.4, 8, 2,6.85, 0, 4,0.0000000,15.8819600, 254,01*,04*
515,05/28/26 13:23,2,18.7,0.0,0.0,0.0,0.0, 2236, 8,23.4, 7, 2,6.79, 10, 4,0.0000000,15.8819600, 254,01*,05*
516,05/28/26 13:43,1,18.2,0.0,0.0,0.0,0.0, 2236, 8,23.4, 8, 2,6.85, 10, 4,0.0000000,16.3170800, 254,01*,06*
517,05/28/26 14:42,1,18.7,0.0,0.0,0.0,0.0, 2218, 8,23.4, 8, 2,6.85, 10, 4,0.0000000,15.9031700, 254,01*,07*
518,05/28/26 15:02,2,18.8,0.0,0.0,0.0,0.0, 2236, 8,23.4, 7, 2,6.79, 10, 4,0.0000000,15.7977100, 254,01*,08*
519,05/28/26 15:22,2,18.9,0.0,0.0,0.0,0.0, 2218, 8,23.4, 7, 2,6.76, 10, 4,0.0000000,15.7143400, 254,01*,09*
520,05/28/26 15:42,3,18.9,0.0,0.0,0.0,0.0, 2218, 8,23.4, 7, 2,6.79, 10, 4,0.0000000,15.7143400, 254,01*,10*
521,05/28/26 15:53,1,9.6,0.0,0.0,0.0,0.0, 2218, 8,23.4, 7, 2,6.79, 10, 4,0.0000000,30.9388800, 254,01*,11*
522,05/28/26 16:20,0,18.7,0.0,0.0,0.0,0.0, 2218, 8,23.4, 7, 2,6.73, 10, 4,0.0000000,15.9031700, 254,02*,01*
523,05/28/26 16:40,1,18.7,0.0,0.0,0.0,0.0, 2218, 8,23.4, 7, 2,6.82, 10, 4,0.0000000,15.9244300, 254,02*,02*
524,05/28/26 17:00,1,18.7,0.0,0.0,0.0,0.0, 2218, 8,23.7, 6, 2,6.76, 10, 4,0.0000000,15.9244300, 254,02*,03*
525,05/28/26 17:20,3,18.7,0.0,0.0,0.0,0.0, 2201, 9,23.4, 6, 2,6.79, 10, 4,0.0000000,15.9244300, 254,02*,04*
526,05/28/26 17:40,3,18.7,0.0,0.0,0.0,0.0, 2218, 8,23.7, 6, 2,6.76, 0, 4,0.0000000,15.9244300, 254,02*,05*
527,05/28/26 18:00,1,18.7,0.0,0.0,0.0,0.0, 2218, 8,23.7, 6, 2,6.79, 10, 4,0.0000000,15.9244300, 254,02*,06*
528,05/28/26 18:20,2,18.7,0.0,0.0,0.0,0.0, 2236, 8,23.7, 6, 2,6.82, 0, 4,0.0000000,15.9244300, 254,02*,07*
529,05/28/26 18:40,2,18.7,0.0,0.0,0.0,0.0, 2218, 8,23.7, 6, 2,6.85, 10, 4,0.0000000,15.9244300, 254,02*,08*
530,05/28/26 19:00,2,18.7,0.0,0.0,0.0,0.0, 2218, 8,23.7, 6, 2,6.76, 10, 4,0.0000000,15.9244300, 254,02*,09*
531,05/28/26 19:20,1,18.7,0.0,0.0,0.0,0.0, 2218, 8,23.7, 6, 2,6.73, 10, 4,0.0000000,15.9244300, 254,02*,10*
532,05/28/26 19:40,1,18.7,0.0,0.0,0.0,0.0, 2218, 8,23.7, 6, 2,6.76, 10, 4,0.0000000,15.9244300, 254,02*,11*
533,05/28/26 20:00,1,18.7,0.0,0.0,0.0,0.0, 2201, 9,23.7, 6, 2,6.79, 10, 4,0.0000000,15.9244300, 254,02*,12*
534,05/28/26 20:20,0,18.7,0.0,0.0,0.0,0.0, 2218, 7,23.7, 6, 2,6.76, 10, 4,0.0000000,15.9244300, 254,02*,13*
535,05/28/26 20:40,1,18.7,0.0,0.0,0.0,0.0, 2218, 8,23.7, 6, 2,6.76, 10, 4,0.0000000,15.9244300, 254,02*,14*
536,05/28/26 21:00,5,18.7,0.0,0.0,20.0,0.0, 2201, 9,23.7, 6, 2,6.79, 10, 4,3.9811060,19.2224800, 254,02*,15*
537,05/28/26 21:20,0,18.7,0.0,0.0,0.0,0.0, 2218, 8,23.7, 6, 2,6.82, 10, 4,0.0000000,15.9244300, 254,02*,16*
538,05/28/26 21:40,0,18.7,0.0,0.0,0.0,0.0, 2236, 8,23.4, 6, 2,6.79, 10, 4,0.0000000,15.9244300, 254,02*,17*
539,05/28/26 22:00,4,18.7,0.0,0.0,0.0,0.0, 2218, 8,23.7, 5, 2,6.79, 10, 4,0.0000000,15.9244300, 254,02*,18*
540,05/28/26 22:20,3,18.7,0.0,0.0,0.0,0.0, 2218, 8,23.7, 5, 2,6.79, 10, 4,0.0000000,15.9244300, 254,02*,19*
541,05/28/26 22:40,2,18.7,0.0,0.0,0.0,0.0, 2236, 8,23.4, 5, 2,6.85, 10, 4,0.0000000,15.9244300, 254,02*,20*
542,05/28/26 23:00,2,18.7,0.0,0.0,0.0,0.0, 2218, 8,23.4, 5, 2,6.85, 10, 4,0.0000000,15.9244300, 254,02*,21*
543,05/28/26 23:20,5,18.7,20.0,0.0,0.0,0.0, 2218, 8,23.7, 5, 2,6.76, 10, 4,3.9811060,19.2224800, 254,02*,22*
544,05/28/26 23:40,3,18.7,0.0,0.0,0.0,0.0, 2201, 9,23.7, 5, 2,6.82, 10, 4,0.0000000,15.9244300, 254,02*,23*
545,05/29/26 00:00,1,18.7,0.0,0.0,0.0,0.0, 2218, 8,23.7, 5, 2,6.82, 10, 4,0.0000000,15.9244300, 254,02*,24*
546,05/29/26 00:20,1,18.7,0.0,0.0,0.0,0.0, 2236, 8,23.7, 5, 2,6.76, 10, 4,0.0000000,15.9244300, 254,02*,25*
547,05/29/26 00:40,4,18.7,0.0,0.0,0.0,0.0, 2201, 8,23.7, 5, 2,6.76, 10, 4,0.0000000,15.9244300, 254,02*,26*
548,05/29/26 01:00,1,18.7,0.0,0.0,0.0,0.0, 2201, 9,23.4, 5, 2,6.85, 10, 4,0.0000000,15.9244300, 254,02*,27*
549,05/29/26 01:20,3,18.7,0.0,0.0,0.0,0.0, 2218, 8,23.4, 5, 2,6.76, 10, 4,0.0000000,15.9244300, 254,02*,28*
550,05/29/26 01:40,1,18.7,0.0,0.0,0.0,0.0, 2236, 8,23.4, 5, 2,6.76, 10, 4,0.0000000,15.9244300, 254,02*,29*
551,05/29/26 02:00,2,18.7,0.0,0.0,0.0,0.0, 2236, 8,23.4, 5, 2,6.85, 10, 4,0.0000000,15.9244300, 254,02*,30*
552,05/29/26 02:20,1,18.7,0.0,0.0,0.0,0.0, 2218, 8,23.4, 5, 2,6.85, 10, 4,0.0000000,15.9244300, 254,02*,31*
553,05/29/26 02:40,3,18.7,0.0,0.0,0.0,0.0, 2218, 9,23.7, 5, 2,6.76, 10, 4,0.0000000,15.9244300, 254,02*,32*
554,05/29/26 03:00,1,18.7,0.0,0.0,0.0,0.0, 2218, 8,23.4, 5, 2,6.82, 10, 4,0.0000000,15.9244300, 254,02*,33*
555,05/29/26 03:20,0,18.7,0.0,0.0,0.0,0.0, 2236, 8,23.7, 5, 2,6.73, 0, 4,0.0000000,15.9244300, 254,02*,34*
556,05/29/26 03:40,2,18.7,0.0,0.0,0.0,0.0, 2236, 8,23.4, 5, 2,6.61, 10, 4,0.0000000,15.9244300, 254,02*,35*
557,05/29/26 04:00,1,18.7,0.0,0.0,0.0,0.0, 2236, 8,23.7, 5, 2,6.67, 10, 4,0.0000000,15.9244300, 254,02*,36*
558,05/29/26 04:20,1,18.7,0.0,0.0,0.0,0.0, 2218, 8,23.4, 5, 2,6.61, 10, 4,0.0000000,15.9244300, 254,02*,37*
559,05/29/26 04:40,0,18.7,0.0,0.0,0.0,0.0, 2218, 8,23.7, 5, 2,6.70, 10, 4,0.0000000,15.9244300, 254,02*,38*
560,05/29/26 05:00,3,18.7,0.0,0.0,0.0,0.0, 2218, 8,23.4, 5, 2,6.67, 10, 4,0.0000000,15.9244300, 254,02*,39*
561,05/29/26 05:20,3,18.7,0.0,0.0,0.0,0.0, 2218, 8,23.4, 5, 2,6.64, 10, 4,0.0000000,15.9244300, 254,02*,40*
562,05/29/26 05:40,1,18.7,0.0,0.0,0.0,0.0, 2218, 8,23.4, 5, 2,6.67, 10, 4,0.0000000,15.9244300, 254,02*,41*
563,05/29/26 06:00,0,18.7,0.0,0.0,0.0,0.0, 2236, 8,23.7, 5, 2,6.64, 10, 4,0.0000000,15.9244300, 254,02*,42*
564,05/29/26 06:20,2,18.7,0.0,0.0,0.0,0.0, 2218, 8,23.4, 5, 2,6.67, 10, 4,0.0000000,15.9244300, 254,02*,43*
565,05/29/26 06:40,0,18.7,0.0,0.0,0.0,0.0, 2236, 8,23.4, 5, 2,6.67, 10, 4,0.0000000,15.9244300, 254,02*,44*
566,05/29/26 07:00,3,18.7,0.0,0.0,0.0,0.0, 2218, 8,23.4, 5, 2,6.67, 10, 4,0.0000000,15.9244300, 254,02*,45*
567,05/29/26 07:20,3,18.7,0.0,0.0,0.0,0.0, 2236, 8,23.4, 5, 2,6.70, 10, 4,0.0000000,15.9244300, 254,02*,46*
568,05/29/26 07:40,3,18.7,0.0,0.0,0.0,0.0, 2236, 8,23.7, 5, 2,6.73, 10, 4,0.0000000,15.9244300, 254,02*,47*
569,05/29/26 08:00,4,18.7,0.0,0.0,0.0,0.0, 2218, 8,23.4, 5, 2,6.76, 10, 4,0.0000000,15.9244300, 254,02*,48*
570,05/29/26 08:20,2,18.7,0.0,0.0,0.0,0.0, 2236, 8,23.7, 5, 2,6.64, 10, 4,0.0000000,15.9244300, 254,02*,49*
571,05/29/26 08:40,2,18.7,0.0,0.0,0.0,0.0, 2218, 8,23.7, 5, 2,6.73, 10, 4,0.0000000,15.9244300, 254,02*,50*
572,05/29/26 09:00,0,18.7,0.0,0.0,0.0,0.0, 2201, 9,23.4, 5, 2,6.76, 10, 4,0.0000000,15.9244300, 254,02*,51*
573,05/29/26 09:20,1,18.7,0.0,0.0,0.0,0.0, 2218, 9,23.7, 5, 2,6.76, 10, 4,0.0000000,15.9244300, 254,02*,52*
574,05/29/26 09:40,1,18.7,0.0,0.0,0.0,0.0, 2218, 8,23.7, 5, 2,6.76, 10, 4,0.0000000,15.9244300, 254,02*,53*
575,05/29/26 10:00,4,18.7,0.0,0.0,0.0,0.0, 2201, 9,23.7, 5, 2,6.70, 10, 4,0.0000000,15.9244300, 254,02*,54*
576,05/29/26 10:20,1,18.7,0.0,0.0,0.0,0.0, 2218, 8,23.4, 5, 2,6.70, 10, 4,0.0000000,15.9244300, 254,02*,55*
577,05/29/26 10:40,2,18.7,0.0,0.0,0.0,0.0, 2218, 8,23.4, 5, 2,6.67, 10, 4,0.0000000,15.9244300, 254,02*,56*
578,05/29/26 11:00,2,18.7,0.0,0.0,0.0,0.0, 2236, 8,23.4, 5, 2,6.70, 10, 4,0.0000000,15.9244300, 254,02*,57*
579,05/29/26 11:20,2,18.7,0.0,0.0,0.0,0.0, 2236, 8,23.1, 5, 2,6.70, 10, 4,0.0000000,15.9244300, 254,02*,58*
580,05/29/26 11:40,2,18.7,0.0,0.0,0.0,0.0, 2236, 8,23.1, 5, 2,6.67, 10, 4,0.0000000,15.9244300, 254,02*,59*
581,05/29/26 12:01,1,18.7,0.0,0.0,0.0,0.0, 2236, 8,23.1, 5, 2,6.70, 10, 4,0.0000000,15.9244300, 254,02*,60*
582,05/29/26 12:21,0,18.7,0.0,0.0,0.0,0.0, 2218, 8,23.1, 5, 2,6.79, 10, 4,0.0000000,15.9244300, 254,02*,61*
583,05/29/26 12:41,3,18.7,0.0,0.0,0.0,0.0, 2218, 8,23.1, 5, 2,6.67, 10, 4,0.0000000,15.9244300, 254,02*,62*
584,05/29/26 13:01,0,18.7,0.0,0.0,0.0,0.0, 2236, 8,23.1, 5, 2,6.79, 10, 4,0.0000000,15.9244300, 254,02*,63*
585,05/29/26 13:21,0,18.7,0.0,0.0,0.0,0.0, 2218, 8,23.1, 5, 2,6.79, 10, 4,0.0000000,15.9244300, 254,02*,64*
586,05/29/26 13:41,4,18.7,0.0,0.0,0.0,0.0, 2218, 8,23.1, 5, 2,6.73, 10, 4,0.0000000,15.9244300, 254,02*,65*
587,05/29/26 14:01,3,18.7,0.0,0.0,0.0,0.0, 2236, 9,23.1, 5, 2,6.79, 10, 4,0.0000000,15.9244300, 254,02*,66*
588,05/29/26 14:21,2,18.7,0.0,0.0,0.0,0.0, 2236, 8,23.1, 4, 2,6.73, 10, 4,0.0000000,15.9244300, 254,02*,67*
589,05/29/26 14:41,3,18.7,0.0,0.0,0.0,0.0, 2218, 8,23.1, 5, 2,6.70, 10, 4,0.0000000,15.9244300, 254,02*,68*
590,05/29/26 15:01,1,18.7,0.0,0.0,0.0,0.0, 2236, 8,23.1, 5, 2,6.82, 10, 4,0.0000000,15.9244300, 254,02*,69*
591,05/29/26 15:21,2,18.7,0.0,0.0,0.0,0.0, 2218, 8,23.4, 5, 2,6.73, 10, 4,0.0000000,15.9244300, 254,02*,70*
592,05/29/26 15:41,2,18.7,0.0,0.0,0.0,0.0, 2218, 8,23.4, 4, 2,6.73, 10, 4,0.0000000,15.9244300, 254,02*,71*
593,05/29/26 16:01,1,18.7,0.0,0.0,0.0,0.0, 2236, 8,23.4, 5, 2,6.85, 10, 4,0.0000000,15.9244300, 254,02*,72*
594,05/29/26 16:21,3,18.7,0.0,0.0,0.0,0.0, 2218, 8,23.4, 5, 2,6.82, 0, 4,0.0000000,15.9244300, 254,02*,73*
595,05/29/26 16:41,3,18.7,0.0,0.0,0.0,0.0, 2218, 8,23.4, 4, 2,6.79, 10, 4,0.0000000,15.9244300, 254,02*,74*
596,05/29/26 17:01,0,18.7,0.0,0.0,0.0,0.0, 2218, 8,23.4, 5, 2,6.73, 10, 4,0.0000000,15.9244300, 254,02*,75*
597,05/29/26 17:21,1,18.7,0.0,0.0,0.0,0.0, 2218, 8,23.4, 4, 2,6.82, 10, 4,0.0000000,15.9244300, 254,02*,76*
598,05/29/26 17:41,2,18.7,0.0,0.0,0.0,0.0, 2218, 8,23.4, 5, 2,6.73, 10, 4,0.0000000,15.9244300, 254,02*,77*
599,05/29/26 18:01,2,18.7,0.0,0.0,0.0,0.0, 2218, 8,23.4, 5, 2,6.82, 0, 4,0.0000000,15.9244300, 254,02*,78*
600,05/29/26 18:21,0,18.7,0.0,0.0,0.0,0.0, 2236, 8,23.4, 4, 2,6.82, 10, 4,0.0000000,15.9244300, 254,02*,79*
601,05/29/26 18:41,0,18.7,0.0,0.0,0.0,0.0, 2218, 8,23.4, 4, 2,6.82, 10, 4,0.0000000,15.9244300, 254,02*,80*
602,05/29/26 19:01,0,18.7,0.0,0.0,0.0,0.0, 2218, 8,23.4, 5, 2,6.82, 10, 4,0.0000000,15.9244300, 254,02*,81*
603,05/29/26 19:21,1,18.7,0.0,0.0,0.0,0.0, 2218, 8,23.4, 5, 2,6.85, 10, 4,0.0000000,15.9244300, 254,02*,82*
604,05/29/26 19:41,0,18.7,0.0,0.0,0.0,0.0, 2236, 8,23.4, 4, 2,6.76, 10, 4,0.0000000,15.9244300, 254,02*,83*
605,05/29/26 20:01,1,18.7,0.0,0.0,0.0,0.0, 2218, 8,23.4, 4, 2,6.82, 10, 4,0.0000000,15.9244300, 254,02*,84*
606,05/29/26 20:21,0,18.7,0.0,0.0,0.0,0.0, 2201, 9,23.4, 4, 2,6.76, 10, 4,0.0000000,15.9244300, 254,02*,85*
607,05/29/26 20:41,1,18.7,0.0,0.0,0.0,0.0, 2218, 8,23.7, 4, 2,6.82, 10, 4,0.0000000,15.9244300, 254,02*,86*
608,05/29/26 21:01,3,18.7,0.0,0.0,0.0,0.0, 2218, 8,23.7, 4, 2,6.73, 10, 4,0.0000000,15.9244300, 254,02*,87*
609,05/29/26 21:21,0,18.7,0.0,0.0,0.0,0.0, 2201, 9,23.7, 4, 2,6.76, 10, 4,0.0000000,15.9244300, 254,02*,88*
610,05/29/26 21:41,4,18.7,0.0,0.0,0.0,0.0, 2236, 8,23.4, 4, 2,6.73, 10, 4,0.0000000,15.9244300, 254,02*,89*
611,05/29/26 22:01,1,18.7,0.0,0.0,0.0,0.0, 2236, 8,23.4, 4, 2,6.76, 10, 4,0.0000000,15.9244300, 254,02*,90*
612,05/29/26 22:21,1,18.7,0.0,0.0,0.0,0.0, 2236, 8,23.4, 4, 2,6.76, 10, 4,0.0000000,15.9244300, 254,02*,91*
613,05/29/26 22:41,1,18.7,0.0,0.0,0.0,0.0, 2218, 8,23.4, 4, 2,6.76, 10, 4,0.0000000,15.9244300, 254,02*,92*
614,05/29/26 23:01,2,18.7,0.0,0.0,0.0,0.0, 2218, 8,23.4, 4, 2,6.76, 0, 4,0.0000000,15.9244300, 254,02*,93*
615,05/29/26 23:21,1,18.7,0.0,0.0,0.0,0.0, 2218, 8,23.7, 4, 2,6.79, 10, 4,0.0000000,15.9244300, 254,02*,94*
616,05/29/26 23:41,0,18.7,0.0,0.0,0.0,0.0, 2218, 8,23.4, 4, 2,6.76, 10, 4,0.0000000,15.9244300, 254,02*,95*
617,05/30/26 00:01,2,18.7,0.0,0.0,0.0,0.0, 2201, 9,23.7, 5, 2,6.85, 10, 4,0.0000000,15.9244300, 254,02*,96*
618,05/30/26 00:21,2,18.7,0.0,0.0,0.0,0.0, 2201, 8,23.4, 5, 2,6.76, 10, 4,0.0000000,15.9244300, 254,02*,97*
619,05/30/26 00:41,0,18.7,0.0,0.0,0.0,0.0, 2218, 8,23.7, 5, 2,6.76, 10, 4,0.0000000,15.9244300, 254,02*,98*
620,05/30/26 01:01,4,18.7,0.0,0.0,0.0,0.0, 2218, 8,23.4, 4, 2,6.79, 10, 4,0.0000000,15.9244300, 254,02*,99*
621,05/30/26 01:21,0,18.7,0.0,0.0,0.0,0.0, 2236, 8,23.4, 4, 2,6.76, 10, 4,0.0000000,15.9244300, 254,02*,100*
622,05/30/26 01:41,1,18.7,0.0,0.0,0.0,0.0, 2236, 8,23.7, 4, 2,6.82, 0, 4,0.0000000,15.9244300, 254,02*,101*
623,05/30/26 02:01,0,18.7,0.0,0.0,0.0,0.0, 2218, 8,23.7, 5, 2,6.73, 10, 4,0.0000000,15.9244300, 254,02*,102*
624,05/30/26 02:21,0,18.7,0.0,0.0,0.0,0.0, 2218, 8,23.4, 4, 2,6.82, 10, 4,0.0000000,15.9244300, 254,02*,103*
625,05/30/26 02:41,2,18.7,0.0,0.0,0.0,0.0, 2236, 8,23.4, 4, 2,6.76, 10, 4,0.0000000,15.9244300, 254,02*,104*
626,05/30/26 03:01,2,18.7,0.0,0.0,0.0,0.0, 2218, 8,23.4, 4, 2,6.79, 10, 4,0.0000000,15.9244300, 254,02*,105*
627,05/30/26 03:21,1,18.7,0.0,0.0,0.0,0.0, 2236, 8,23.4, 4, 2,6.76, 10, 4,0.0000000,15.9244300, 254,02*,106*
628,05/30/26 03:41,2,18.7,0.0,0.0,0.0,0.0, 2201, 9,23.7, 4, 2,6.76, 10, 4,0.0000000,15.9244300, 254,02*,107*
629,05/30/26 04:01,2,18.7,0.0,0.0,0.0,0.0, 2218, 8,23.4, 4, 2,6.73, 10, 4,0.0000000,15.9244300, 254,02*,108*
630,05/30/26 04:21,0,18.7,0.0,0.0,0.0,0.0, 2218, 8,23.4, 4, 2,6.82, 10, 4,0.0000000,15.9244300, 254,02*,109*
631,05/30/26 04:41,3,18.7,0.0,0.0,0.0,0.0, 2218, 8,23.4, 4, 2,6.85, 10, 4,0.0000000,15.9244300, 254,02*,110*
632,05/30/26 05:01,1,18.7,0.0,0.0,0.0,0.0, 2218, 8,23.4, 4, 2,6.79, 10, 4,0.0000000,15.9244300, 254,02*,111*
633,05/30/26 05:21,1,18.7,0.0,0.0,0.0,0.0, 2218, 8,23.4, 4, 2,6.79, 10, 4,0.0000000,15.9244300, 254,02*,112*
634,05/30/26 05:41,1,18.7,0.0,0.0,0.0,0.0, 2218, 9,23.4, 4, 2,6.76, 10, 4,0.0000000,15.9244300, 254,02*,113*
635,05/30/26 06:01,3,18.7,0.0,0.0,0.0,0.0, 2236, 8,23.4, 4, 2,6.85, 10, 4,0.0000000,15.9244300, 254,02*,114*
636,05/30/26 06:21,0,18.7,0.0,0.0,0.0,0.0, 2218, 8,23.4, 4, 2,6.85, 10, 4,0.0000000,15.9244300, 254,02*,115*
637,05/30/26 06:41,0,18.7,0.0,0.0,0.0,0.0, 2218, 8,23.4, 4, 2,6.85, 10, 4,0.0000000,15.9244300, 254,02*,116*
638,05/30/26 07:01,0,18.7,0.0,0.0,0.0,0.0, 2218, 8,23.4, 4, 2,6.79, 10, 4,0.0000000,15.9244300, 254,02*,117*
639,05/30/26 07:21,1,18.7,0.0,0.0,0.0,0.0, 2236, 8,23.4, 4, 2,6.79, 10, 4,0.0000000,15.9244300, 254,02*,118*
640,05/30/26 07:41,0,18.7,0.0,0.0,0.0,0.0, 2201, 9,23.4, 4, 2,6.85, 10, 4,0.0000000,15.9244300, 254,02*,119*
641,05/30/26 08:01,2,18.7,0.0,0.0,0.0,0.0, 2236, 8,23.4, 4, 2,6.79, 10, 4,0.0000000,15.9244300, 254,02*,120*
642,05/30/26 08:21,0,18.7,0.0,0.0,0.0,0.0, 2201, 9,23.4, 4, 2,6.85, 10, 4,0.0000000,15.9244300, 254,02*,121*
643,05/30/26 08:41,0,18.7,0.0,0.0,0.0,0.0, 2218, 8,23.4, 4, 2,6.79, 10, 4,0.0000000,15.9244300, 254,02*,122*
644,05/30/26 09:01,5,18.7,0.0,0.0,0.0,0.0, 2218, 8,23.4, 4, 2,6.85, 10, 4,0.0000000,15.9244300, 254,02*,123*
645,05/30/26 09:21,2,18.7,0.0,0.0,0.0,0.0, 2218, 8,23.4, 5, 2,6.85, 10, 4,0.0000000,15.9244300, 254,02*,124*
646,05/30/26 09:41,2,18.7,0.0,0.0,0.0,0.0, 2218, 8,23.4, 4, 2,6.82, 10, 4,0.0000000,15.9244300, 254,02*,125*
647,05/30/26 10:01,1,18.7,0.0,0.0,0.0,0.0, 2218, 8,23.4, 4, 2,6.88, 0, 4,0.0000000,15.9244300, 254,02*,126*
648,05/30/26 10:22,1,18.7,0.0,0.0,0.0,0.0, 2218, 8,23.4, 4, 2,6.88, 0, 4,0.0000000,15.9244300, 254,02*,127*
649,05/30/26 10:42,4,18.7,0.0,0.0,0.0,0.0, 2236, 8,23.4, 4, 2,6.82, 10, 4,0.0000000,15.9244300, 254,02*,128*
650,05/30/26 11:02,0,18.7,0.0,0.0,0.0,0.0, 2253, 9,23.4, 4, 2,6.82, 10, 4,0.0000000,15.9244300, 254,02*,129*
651,05/30/26 11:22,0,18.7,0.0,0.0,0.0,0.0, 2218, 8,23.4, 4, 2,6.85, 10, 4,0.0000000,15.9244300, 254,02*,130*
652,05/30/26 11:42,2,18.7,0.0,0.0,0.0,0.0, 2218, 8,23.4, 4, 2,6.79, 10, 4,0.0000000,15.9244300, 254,02*,131*
653,05/30/26 12:02,1,18.7,0.0,0.0,0.0,0.0, 2218, 8,23.4, 4, 2,6.79, 10, 4,0.0000000,15.9244300, 254,02*,132*
654,05/30/26 12:22,2,18.7,0.0,0.0,0.0,0.0, 2218, 8,23.4, 4, 2,6.79, 10, 4,0.0000000,15.9244300, 254,02*,133*
655,05/30/26 12:42,2,18.7,0.0,0.0,0.0,0.0, 2218, 8,23.4, 4, 2,6.79, 10, 4,0.0000000,15.9244300, 254,02*,134*
656,05/30/26 13:02,4,18.7,0.0,0.0,0.0,0.0, 2236, 8,23.4, 4, 2,6.79, 10, 4,0.0000000,15.9244300, 254,02*,135*
657,05/30/26 13:22,3,18.7,0.0,0.0,0.0,0.0, 2218, 8,23.4, 4, 2,6.85, 10, 4,0.0000000,15.9244300, 254,02*,136*
658,05/30/26 13:42,3,18.7,0.0,0.0,0.0,33.3, 2218, 8,23.4, 4, 2,6.79, 10, 4,0.0000000,15.9244300, 254,02*,137*
659,05/30/26 14:02,0,18.7,0.0,0.0,0.0,0.0, 2218, 8,23.4, 4, 2,6.79, 10, 4,0.0000000,15.9244300, 254,02*,138*
660,05/30/26 14:22,0,18.7,0.0,0.0,0.0,0.0, 2218, 8,23.4, 4, 2,6.88, 10, 4,0.0000000,15.9244300, 254,02*,139*
661,05/30/26 14:42,2,18.7,0.0,0.0,0.0,0.0, 2218, 8,23.4, 4, 2,6.82, 10, 4,0.0000000,15.9244300, 254,02*,140*
662,05/30/26 15:02,1,18.7,0.0,0.0,0.0,0.0, 2218, 8,23.4, 4, 2,6.85, 0, 4,0.0000000,15.9244300, 254,02*,141*
663,05/30/26 15:22,1,18.7,0.0,0.0,0.0,0.0, 2218, 8,23.4, 4, 2,6.79, 10, 4,0.0000000,15.9244300, 254,02*,142*
664,05/30/26 15:42,0,18.7,0.0,0.0,0.0,0.0, 2218, 8,23.4, 4, 2,6.85, 10, 4,0.0000000,15.9244300, 254,02*,143*
665,05/30/26 16:02,3,18.7,0.0,0.0,0.0,0.0, 2218, 8,23.4, 4, 2,6.88, 10, 4,0.0000000,15.9244300, 254,02*,144*
666,05/30/26 16:22,3,18.7,0.0,0.0,0.0,0.0, 2236, 8,23.4, 4, 2,6.88, 10, 4,0.0000000,15.9244300, 254,02*,145*
667,05/30/26 16:42,2,18.7,0.0,0.0,0.0,0.0, 2218, 8,23.4, 4, 2,6.88, 10, 4,0.0000000,15.9244300, 254,02*,146*
668,05/30/26 17:02,4,18.7,0.0,0.0,0.0,0.0, 2236, 8,23.4, 4, 2,6.79, 10, 4,0.0000000,15.9244300, 254,02*,147*
669,05/30/26 17:22,5,18.7,0.0,0.0,0.0,0.0, 2218, 8,23.4, 5, 2,6.85, 10, 4,0.0000000,15.9244300, 254,02*,148*
670,05/30/26 17:42,2,18.7,0.0,0.0,0.0,0.0, 2218, 8,23.4, 4, 2,6.85, 10, 4,0.0000000,15.9244300, 254,02*,149*
671,05/30/26 18:02,3,18.7,0.0,0.0,0.0,0.0, 2236, 8,23.4, 4, 2,6.82, 10, 4,0.0000000,15.9244300, 254,02*,150*
672,05/30/26 18:22,2,18.7,0.0,0.0,0.0,0.0, 2236, 8,23.4, 4, 2,6.88, 10, 4,0.0000000,15.9244300, 254,02*,151*
673,05/30/26 18:42,1,18.7,0.0,0.0,0.0,0.0, 2236, 8,23.4, 4, 2,6.79, 10, 4,0.0000000,15.9244300, 254,02*,152*
674,05/30/26 19:02,2,18.7,0.0,0.0,0.0,0.0, 2218, 8,23.4, 4, 2,6.88, 10, 4,0.0000000,15.9244300, 254,02*,153*
675,05/30/26 19:22,1,18.7,0.0,0.0,0.0,0.0, 2236, 8,23.4, 4, 2,6.79, 0, 4,0.0000000,15.9244300, 254,02*,154*
676,05/30/26 19:42,5,18.7,0.0,0.0,0.0,0.0, 2218, 8,23.4, 4, 2,6.79, 10, 4,0.0000000,15.9244300, 254,02*,155*
677,05/30/26 20:02,0,18.7,0.0,0.0,0.0,0.0, 2218, 8,23.4, 4, 2,6.79, 10, 4,0.0000000,15.9244300, 254,02*,156*
678,05/30/26 20:22,1,18.7,0.0,0.0,0.0,0.0, 2218, 8,23.4, 4, 2,6.82, 10, 4,0.0000000,15.9244300, 254,02*,157*
679,05/30/26 20:42,1,18.7,0.0,0.0,0.0,0.0, 2201, 9,23.4, 4, 2,6.82, 10, 4,0.0000000,15.9244300, 254,02*,158*
680,05/30/26 21:02,3,18.7,0.0,0.0,0.0,0.0, 2218, 8,23.4, 4, 2,6.85, 0, 4,0.0000000,15.9244300, 254,02*,159*
681,05/30/26 21:22,1,18.7,0.0,0.0,0.0,0.0, 2218, 8,23.4, 4, 2,6.82, 10, 4,0.0000000,15.9244300, 254,02*,160*
682,05/30/26 21:42,1,18.7,0.0,0.0,0.0,0.0, 2236, 8,23.4, 4, 2,6.88, 10, 4,0.0000000,15.9244300, 254,02*,161*
683,05/30/26 22:02,1,18.7,0.0,0.0,0.0,0.0, 2236, 8,23.4, 4, 2,6.85, 10, 4,0.0000000,15.9244300, 254,02*,162*
684,05/30/26 22:22,0,18.7,0.0,0.0,0.0,0.0, 2218, 8,23.4, 4, 2,6.82, 10, 4,0.0000000,15.9244300, 254,02*,163*
685,05/30/26 22:42,3,18.7,0.0,0.0,0.0,0.0, 2201, 9,23.4, 4, 2,6.91, 10, 4,0.0000000,15.9244300, 254,02*,164*
686,05/30/26 23:02,3,18.7,0.0,0.0,0.0,0.0, 2218, 8,23.4, 4, 2,6.91, 10, 4,0.0000000,15.9244300, 254,02*,165*
687,05/30/26 23:22,2,18.7,0.0,0.0,0.0,0.0, 2218, 8,23.4, 4, 2,6.88, 10, 4,0.0000000,15.9244300, 254,02*,166*
688,05/30/26 23:42,5,18.7,0.0,0.0,0.0,0.0, 2201, 9,23.4, 4, 2,6.88, 10, 4,0.0000000,15.9244300, 254,02*,167*
689,05/31/26 00:02,2,18.7,0.0,0.0,0.0,0.0, 2236, 8,23.1, 4, 2,6.88, 10, 4,0.0000000,15.9244300, 254,02*,168*
690,05/31/26 00:22,2,18.7,0.0,0.0,0.0,0.0, 2236, 8,23.4, 4, 2,6.85, 10, 4,0.0000000,15.9244300, 254,02*,169*
691,05/31/26 00:42,3,18.7,0.0,0.0,0.0,0.0, 2218, 8,23.4, 4, 2,6.88, 10, 4,0.0000000,15.9244300, 254,02*,170*
692,05/31/26 01:02,2,18.7,0.0,0.0,0.0,0.0, 2218, 8,23.4, 4, 2,6.79, 10, 4,0.0000000,15.9244300, 254,02*,171*
693,05/31/26 01:22,2,18.7,0.0,0.0,0.0,0.0, 2218, 8,23.4, 4, 2,6.88, 10, 4,0.0000000,15.9244300, 254,02*,172*
694,05/31/26 01:42,2,18.7,0.0,0.0,0.0,0.0, 2218, 8,23.4, 4, 2,6.79, 10, 4,0.0000000,15.9244300, 254,02*,173*
695,05/31/26 02:02,2,18.7,0.0,0.0,0.0,0.0, 2236, 8,23.4, 4, 2,6.85, 10, 4,0.0000000,15.9244300, 254,02*,174*
696,05/31/26 02:22,1,18.7,0.0,0.0,0.0,0.0, 2236, 8,23.4, 4, 2,6.82, 10, 4,0.0000000,15.9244300, 254,02*,175*
697,05/31/26 02:42,3,18.7,0.0,0.0,0.0,0.0, 2218, 8,23.4, 4, 2,6.88, 10, 4,0.0000000,15.9244300, 254,02*,176*
698,05/31/26 03:02,1,18.7,0.0,0.0,0.0,0.0, 2236, 8,23.4, 4, 2,6.82, 10, 4,0.0000000,15.9244300, 254,02*,177*
699,05/31/26 03:22,5,18.7,0.0,0.0,0.0,0.0, 2201, 9,23.4, 4, 2,6.79, 10, 4,0.0000000,15.9244300, 254,02*,178*
700,05/31/26 03:42,3,18.7,0.0,0.0,0.0,0.0, 2218, 9,23.4, 4, 2,6.79, 10, 4,0.0000000,15.9244300, 254,02*,179*
701,05/31/26 04:02,1,18.7,0.0,0.0,0.0,0.0, 2218, 8,23.4, 4, 2,6.79, 10, 4,0.0000000,15.9244300, 254,02*,180*
702,05/31/26 04:22,3,18.7,0.0,0.0,0.0,0.0, 2236, 8,23.4, 4, 2,6.82, 10, 4,0.0000000,15.9244300, 254,02*,181*
703,05/31/26 04:42,1,18.7,0.0,0.0,0.0,0.0, 2218, 8,23.4, 4, 2,6.88, 0, 4,0.0000000,15.9244300, 254,02*,182*
704,05/31/26 05:02,3,18.7,0.0,0.0,0.0,0.0, 2218, 8,23.4, 4, 2,6.79, 10, 4,0.0000000,15.9244300, 254,02*,183*
705,05/31/26 05:22,1,18.7,0.0,0.0,0.0,0.0, 2236, 8,23.4, 4, 2,6.88, 10, 4,0.0000000,15.9244300, 254,02*,184*
706,05/31/26 05:42,6,18.7,0.0,0.0,0.0,0.0, 2236, 8,23.4, 4, 2,6.79, 10, 4,0.0000000,15.9244300, 254,02*,185*
707,05/31/26 06:02,4,18.7,0.0,0.0,0.0,0.0, 2218, 8,23.4, 4, 2,6.85, 10, 4,0.0000000,15.9244300, 254,02*,186*
708,05/31/26 06:22,0,18.7,0.0,0.0,0.0,0.0, 2218, 8,23.4, 4, 2,6.88, 10, 4,0.0000000,15.9244300, 254,02*,187*
709,05/31/26 06:42,1,18.7,0.0,0.0,0.0,0.0, 2218, 8,23.4, 4, 2,6.82, 10, 4,0.0000000,15.9244300, 254,02*,188*
710,05/31/26 07:02,1,18.7,0.0,0.0,0.0,0.0, 2218, 8,23.4, 4, 2,6.82, 10, 4,0.0000000,15.9244300, 254,02*,189*
711,05/31/26 07:22,2,18.7,0.0,0.0,0.0,0.0, 2201, 9,23.4, 4, 2,6.85, 10, 4,0.0000000,15.9244300, 254,02*,190*
712,05/31/26 07:42,0,18.7,0.0,0.0,0.0,0.0, 2201, 8,23.4, 4, 2,6.85, 10, 4,0.0000000,15.9244300, 254,02*,191*
713,05/31/26 08:02,0,18.7,0.0,0.0,0.0,0.0, 2218, 8,23.4, 4, 2,6.88, 10, 4,0.0000000,15.9244300, 254,02*,192*
714,05/31/26 08:22,1,18.7,0.0,0.0,0.0,0.0, 2201, 8,23.4, 4, 2,6.88, 0, 4,0.0000000,15.9244300, 254,02*,193*
715,05/31/26 08:43,2,18.7,0.0,0.0,0.0,0.0, 2218, 8,23.4, 4, 2,6.88, 10, 4,0.0000000,15.9244300, 254,02*,194*
716,05/31/26 09:03,0,18.7,0.0,0.0,0.0,0.0, 2218, 8,23.4, 4, 2,6.88, 10, 4,0.0000000,15.9244300, 254,02*,195*
717,05/31/26 09:23,3,18.7,0.0,0.0,0.0,0.0, 2218, 8,23.4, 4, 2,6.88, 10, 4,0.0000000,15.9244300, 254,02*,196*
718,05/31/26 09:43,0,18.7,0.0,0.0,0.0,0.0, 2218, 8,23.4, 4, 2,6.88, 10, 4,0.0000000,15.9244300, 254,02*,197*
719,05/31/26 10:03,3,18.7,0.0,0.0,0.0,0.0, 2236, 8,23.4, 4, 2,6.88, 10, 4,0.0000000,15.9244300, 254,02*,198*
720,05/31/26 10:23,2,18.7,0.0,0.0,0.0,0.0, 2236, 8,23.4, 4, 2,6.79, 10, 4,0.0000000,15.9244300, 254,02*,199*
721,05/31/26 10:43,1,18.7,0.0,0.0,0.0,0.0, 2236, 8,23.4, 4, 2,6.88, 10, 4,0.0000000,15.9244300, 254,02*,200*
722,05/31/26 11:03,1,18.7,100.0,0.0,0.0,0.0, 2201, 9,23.4, 4, 2,6.79, 10, 4,3.9811060,19.2224800, 254,02*,201*
723,05/31/26 11:23,2,18.7,0.0,0.0,0.0,0.0, 2236, 8,23.4, 4, 2,6.88, 10, 4,0.0000000,15.9244300, 254,02*,202*
724,05/31/26 11:43,2,18.7,0.0,0.0,0.0,0.0, 2236, 8,23.4, 4, 2,6.88, 10, 4,0.0000000,15.9244300, 254,02*,203*
725,05/31/26 12:03,1,18.7,0.0,0.0,0.0,0.0, 2201, 9,23.4, 4, 2,6.88, 10, 4,0.0000000,15.9244300, 254,02*,204*
726,05/31/26 12:23,2,18.7,0.0,0.0,0.0,0.0, 2218, 8,23.4, 4, 2,6.85, 10, 4,0.0000000,15.9244300, 254,02*,205*
727,05/31/26 12:43,1,18.7,0.0,0.0,0.0,0.0, 2218, 8,23.4, 4, 2,6.85, 10, 4,0.0000000,15.9244300, 254,02*,206*
728,05/31/26 13:03,2,18.7,0.0,0.0,0.0,0.0, 2218, 8,23.4, 4, 2,6.79, 10, 4,0.0000000,15.9244300, 254,02*,207*
729,05/31/26 13:23,1,18.7,0.0,0.0,0.0,0.0, 2218, 8,23.4, 4, 2,6.79, 10, 4,0.0000000,15.9244300, 254,02*,208*
730,05/31/26 13:43,2,18.7,0.0,0.0,0.0,0.0, 2236, 8,23.4, 4, 2,6.88, 10, 4,0.0000000,15.9244300, 254,02*,209*
731,05/31/26 14:03,1,18.7,0.0,0.0,0.0,0.0, 2218, 8,23.4, 4, 2,6.79, 10, 4,0.0000000,15.9244300, 254,02*,210*
732,05/31/26 14:23,1,18.7,0.0,0.0,0.0,0.0, 2236, 8,23.4, 4, 2,6.82, 10, 4,0.0000000,15.9244300, 254,02*,211*
733,05/31/26 14:43,0,18.7,0.0,0.0,0.0,0.0, 2218, 8,23.4, 4, 2,6.85, 10, 4,0.0000000,15.9244300, 254,02*,212*
734,05/31/26 15:03,4,18.7,0.0,0.0,0.0,0.0, 2218, 8,23.4, 4, 2,6.82, 10, 4,0.0000000,15.9244300, 254,02*,213*
735,05/31/26 15:23,2,18.7,0.0,0.0,0.0,0.0, 2201, 9,23.4, 4, 2,6.88, 0, 4,0.0000000,15.9244300, 254,02*,214*
736,05/31/26 15:43,3,18.7,0.0,0.0,0.0,0.0, 2236, 8,23.4, 4, 2,6.88, 10, 4,0.0000000,15.9244300, 254,02*,215*
737,05/31/26 16:03,2,18.7,0.0,0.0,0.0,0.0, 2218, 8,23.4, 4, 2,6.82, 10, 4,0.0000000,15.9244300, 254,02*,216*
738,05/31/26 16:23,4,18.7,0.0,0.0,0.0,0.0, 2236, 8,23.4, 4, 2,6.88, 10, 4,0.0000000,15.9244300, 254,02*,217*
739,05/31/26 16:43,1,18.7,0.0,0.0,0.0,0.0, 2218, 8,23.4, 4, 2,6.82, 10, 4,0.0000000,15.9244300, 254,02*,218*
740,05/31/26 17:03,0,18.7,0.0,0.0,0.0,0.0, 2218, 8,23.4, 4, 2,6.82, 10, 4,0.0000000,15.9244300, 254,02*,219*
741,05/31/26 17:23,0,18.7,0.0,0.0,0.0,0.0, 2218, 8,23.4, 4, 2,6.88, 10, 4,0.0000000,15.9244300, 254,02*,220*
742,05/31/26 17:43,3,18.7,0.0,0.0,0.0,0.0, 2201, 9,23.4, 4, 2,6.85, 10, 4,0.0000000,15.9244300, 254,02*,221*
743,05/31/26 18:03,2,18.7,0.0,0.0,0.0,0.0, 2218, 8,23.4, 4, 2,6.85, 10, 4,0.0000000,15.9244300, 254,02*,222*
744,05/31/26 18:23,3,18.7,0.0,0.0,0.0,0.0, 2218, 8,23.4, 4, 2,6.82, 10, 4,0.0000000,15.9244300, 254,02*,223*
745,05/31/26 18:43,3,18.7,0.0,0.0,0.0,0.0, 2236, 8,23.4, 4, 2,6.79, 10, 4,0.0000000,15.9244300, 254,02*,224*
746,05/31/26 19:03,4,18.7,0.0,0.0,0.0,0.0, 2218, 8,23.4, 4, 2,6.88, 10, 4,0.0000000,15.9244300, 254,02*,225*
747,05/31/26 19:23,1,18.7,0.0,0.0,0.0,0.0, 2218, 8,23.4, 4, 2,6.85, 10, 4,0.0000000,15.9244300, 254,02*,226*
748,05/31/26 19:43,4,18.7,0.0,0.0,0.0,0.0, 2218, 8,23.4, 4, 2,6.85, 0, 4,0.0000000,15.9244300, 254,02*,227*
749,05/31/26 20:03,2,18.7,0.0,0.0,0.0,0.0, 2236, 8,23.4, 4, 2,6.85, 10, 4,0.0000000,15.9244300, 254,02*,228*
750,05/31/26 20:23,1,18.7,0.0,0.0,0.0,0.0, 2218, 8,23.4, 4, 2,6.79, 10, 4,0.0000000,15.9244300, 254,02*,229*
751,05/31/26 20:43,4,18.7,0.0,0.0,0.0,0.0, 2236, 9,23.4, 4, 2,6.85, 10, 4,0.0000000,15.9244300, 254,02*,230*
752,05/31/26 21:03,2,18.7,0.0,0.0,0.0,0.0, 2218, 8,23.4, 4, 2,6.85, 0, 4,0.0000000,15.9244300, 254,02*,231*
753,05/31/26 21:23,1,18.7,0.0,0.0,0.0,0.0, 2218, 8,23.4, 4, 2,6.79, 10, 4,0.0000000,15.9244300, 254,02*,232*
754,05/31/26 21:43,1,18.7,0.0,0.0,0.0,0.0, 2201, 8,23.4, 4, 2,6.88, 0, 4,0.0000000,15.9244300, 254,02*,233*
755,05/31/26 22:03,1,18.7,0.0,0.0,0.0,0.0, 2218, 8,23.4, 4, 2,6.85, 10, 4,0.0000000,15.9244300, 254,02*,234*
756,05/31/26 22:23,0,18.7,0.0,0.0,0.0,0.0, 2218, 8,23.4, 4, 2,6.79, 0, 4,0.0000000,15.9244300, 254,02*,235*
757,05/31/26 22:43,1,18.7,0.0,0.0,0.0,0.0, 2218, 8,23.4, 4, 2,6.82, 10, 4,0.0000000,15.9244300, 254,02*,236*
758,05/31/26 23:03,2,18.7,0.0,0.0,0.0,0.0, 2236, 8,23.4, 4, 2,6.85, 10, 4,0.0000000,15.9244300, 254,02*,237*
759,05/31/26 23:23,1,18.7,0.0,0.0,0.0,0.0, 2218, 8,23.4, 4, 2,6.82, 10, 4,0.0000000,15.9244300, 254,02*,238*
760,05/31/26 23:43,2,18.7,0.0,0.0,0.0,0.0, 2201, 8,23.4, 4, 2,6.85, 10, 4,0.0000000,15.9244300, 254,02*,239*
761,06/01/26 00:03,3,18.7,0.0,0.0,0.0,0.0, 2218, 8,23.4, 4, 2,6.88, 10, 4,0.0000000,15.9244300, 254,02*,240*
762,06/01/26 00:23,1,18.7,0.0,0.0,0.0,0.0, 2236, 8,23.4, 4, 2,6.88, 10, 4,0.0000000,15.9244300, 254,02*,241*
763,06/01/26 00:43,1,18.7,0.0,0.0,0.0,0.0, 2236, 8,23.4, 4, 2,6.82, 10, 4,0.0000000,15.9244300, 254,02*,242*
764,06/01/26 01:03,4,18.7,0.0,0.0,0.0,0.0, 2201, 9,23.4, 4, 2,6.79, 10, 4,0.0000000,15.9244300, 254,02*,243*
765,06/01/26 01:23,2,18.7,0.0,0.0,0.0,0.0, 2218, 8,23.4, 4, 2,6.88, 10, 4,0.0000000,15.9244300, 254,02*,244*
766,06/01/26 01:43,2,18.7,0.0,0.0,0.0,0.0, 2201, 9,23.4, 4, 2,6.82, 10, 4,0.0000000,15.9244300, 254,02*,245*
767,06/01/26 02:03,2,18.7,0.0,0.0,0.0,0.0, 2218, 8,23.4, 4, 2,6.79, 10, 4,0.0000000,15.9244300, 254,02*,246*
768,06/01/26 02:23,3,18.7,0.0,0.0,0.0,0.0, 2201, 9,23.4, 4, 2,6.82, 10, 4,0.0000000,15.9244300, 254,02*,247*
769,06/01/26 02:43,2,18.7,0.0,0.0,0.0,0.0, 2236, 8,23.4, 4, 2,6.88, 10, 4,0.0000000,15.9244300, 254,02*,248*
770,06/01/26 03:03,1,18.7,0.0,0.0,0.0,0.0, 2218, 8,23.4, 4, 2,6.85, 10, 4,0.0000000,15.9244300, 254,02*,249*
771,06/01/26 03:23,0,18.7,0.0,0.0,0.0,0.0, 2236, 8,23.4, 4, 2,6.79, 10, 4,0.0000000,15.9244300, 254,02*,250*
772,06/01/26 03:43,0,18.7,0.0,0.0,0.0,0.0, 2218, 8,23.4, 4, 2,6.88, 10, 4,0.0000000,15.9244300, 254,02*,251*
773,06/01/26 04:03,5,18.7,0.0,0.0,0.0,0.0, 2218, 8,23.4, 4, 2,6.82, 10, 4,0.0000000,15.9244300, 254,02*,252*
774,06/01/26 04:23,1,18.7,0.0,0.0,0.0,0.0, 2218, 8,23.4, 4, 2,6.85, 0, 4,0.0000000,15.9244300, 254,02*,253*
775,06/01/26 04:43,0,18.7,0.0,0.0,0.0,0.0, 2236, 8,23.4, 4, 2,6.82, 10, 4,0.0000000,15.9244300, 254,02*,254*
776,06/01/26 05:03,1,18.7,0.0,0.0,0.0,0.0, 2236, 8,23.4, 4, 2,6.85, 10, 4,0.0000000,15.9244300, 254,02*,255*
777,06/01/26 05:23,2,18.7,0.0,0.0,0.0,0.0, 2218, 8,23.4, 4, 2,6.85, 10, 4,0.0000000,15.9244300, 254,02*,256*
778,06/01/26 05:43,1,18.7,0.0,0.0,0.0,0.0, 2236, 8,23.4, 4, 2,6.88, 10, 4,0.0000000,15.9244300, 254,02*,257*
779,06/01/26 06:03,4,18.7,0.0,0.0,0.0,0.0, 2236, 8,23.4, 4, 2,6.82, 10, 4,0.0000000,15.9244300, 254,02*,258*
780,06/01/26 06:23,1,18.7,0.0,0.0,0.0,0.0, 2236, 8,23.4, 4, 2,6.79, 10, 4,0.0000000,15.9244300, 254,02*,259*
781,06/01/26 06:43,0,18.7,0.0,0.0,0.0,0.0, 2201, 9,23.4, 4, 2,6.79, 0, 4,0.0000000,15.9244300, 254,02*,260*
782,06/01/26 07:04,0,18.7,0.0,0.0,0.0,0.0, 2201, 9,23.4, 4, 2,6.79, 10, 4,0.0000000,15.9244300, 254,02*,261*
783,06/01/26 07:24,1,18.7,0.0,0.0,0.0,0.0, 2218, 8,23.4, 4, 2,6.82, 10, 4,0.0000000,15.9244300, 254,02*,262*
784,06/01/26 07:44,1,18.7,0.0,0.0,0.0,0.0, 2218, 8,23.4, 4, 2,6.85, 10, 4,0.0000000,15.9244300, 254,02*,263*
785,06/01/26 08:04,0,18.7,0.0,0.0,0.0,0.0, 2201, 9,23.1, 4, 2,6.88, 10, 4,0.0000000,15.9244300, 254,02*,264*
786,06/01/26 08:24,1,18.7,0.0,0.0,0.0,0.0, 2236, 8,23.4, 4, 2,6.85, 10, 4,0.0000000,15.9244300, 254,02*,265*
787,06/01/26 08:44,4,18.7,0.0,0.0,0.0,0.0, 2236, 8,23.4, 4, 2,6.82, 10, 4,0.0000000,15.9244300, 254,02*,266*
788,06/01/26 09:04,3,18.7,0.0,0.0,0.0,0.0, 2236, 8,23.4, 4, 2,6.82, 10, 4,0.0000000,15.9244300, 254,02*,267*
789,06/01/26 09:24,1,18.7,0.0,0.0,0.0,0.0, 2218, 8,23.4, 4, 2,6.88, 10, 4,0.0000000,15.9244300, 254,02*,268*
790,06/01/26 09:44,0,18.7,0.0,0.0,0.0,0.0, 2218, 8,23.4, 4, 2,6.85, 10, 4,0.0000000,15.9244300, 254,02*,269*
791,06/01/26 10:04,2,18.7,0.0,0.0,0.0,0.0, 2236, 8,23.4, 4, 2,6.79, 10, 4,0.0000000,15.9244300, 254,02*,270*
792,06/01/26 10:24,2,18.7,0.0,0.0,0.0,0.0, 2236, 8,23.4, 4, 2,6.79, 10, 4,0.0000000,15.9244300, 254,02*,271*
793,06/01/26 10:44,2,18.7,0.0,0.0,0.0,0.0, 2218, 8,23.4, 4, 2,6.79, 10, 4,0.0000000,15.9244300, 254,02*,272*
794,06/01/26 11:04,3,18.7,0.0,0.0,0.0,0.0, 2218, 8,23.7, 4, 2,6.79, 10, 4,0.0000000,15.9244300, 254,02*,273*
795,06/01/26 11:24,2,18.7,0.0,0.0,0.0,0.0, 2218, 8,23.7, 4, 2,6.79, 10, 4,0.0000000,15.9244300, 254,02*,274*
796,06/01/26 11:44,0,18.7,0.0,0.0,0.0,0.0, 2218, 8,23.7, 4, 2,6.88, 10, 4,0.0000000,15.9244300, 254,02*,275*
797,06/01/26 12:04,1,18.7,0.0,0.0,0.0,0.0, 2218, 8,23.7, 4, 2,6.85, 10, 4,0.0000000,15.9244300, 254,02*,276*
798,06/01/26 12:24,2,18.7,0.0,0.0,0.0,0.0, 2218, 8,23.7, 4, 2,6.82, 0, 4,0.0000000,15.9244300, 254,02*,277*
799,06/01/26 12:44,1,18.7,0.0,0.0,0.0,0.0, 2236, 8,23.7, 4, 2,6.82, 10, 4,0.0000000,15.9244300, 254,02*,278*
800,06/01/26 13:04,2,18.7,0.0,0.0,0.0,0.0, 2236, 8,23.7, 4, 2,6.88, 10, 4,0.0000000,15.9244300, 254,02*,279*
801,06/01/26 13:24,3,18.7,0.0,0.0,0.0,0.0, 2218, 8,23.4, 4, 2,6.82, 10, 4,0.0000000,15.9244300, 254,02*,280*
802,06/01/26 13:44,1,18.7,0.0,0.0,0.0,0.0, 2218, 8,23.4, 4, 2,6.82, 10, 4,0.0000000,15.9244300, 254,02*,281*
803,06/01/26 14:04,4,18.7,0.0,0.0,0.0,0.0, 2218, 8,23.4, 4, 2,6.82, 10, 4,0.0000000,15.9244300, 254,02*,282*
804,06/01/26 14:24,2,18.7,0.0,0.0,0.0,0.0, 2218, 8,23.4, 4, 2,6.82, 10, 4,0.0000000,15.9244300, 254,02*,283*
805,06/01/26 14:44,1,18.7,0.0,0.0,0.0,0.0, 2218, 8,23.7, 4, 2,6.88, 10, 4,0.0000000,15.9244300, 254,02*,284*
806,06/01/26 15:04,3,18.7,0.0,0.0,0.0,0.0, 2218, 8,23.4, 4, 2,6.82, 10, 4,0.0000000,15.9244300, 254,02*,285*
807,06/01/26 15:24,1,18.7,0.0,0.0,0.0,0.0, 2236, 8,23.4, 4, 2,6.82, 10, 4,0.0000000,15.9244300, 254,02*,286*
808,06/01/26 15:44,3,18.7,0.0,0.0,0.0,0.0, 2236, 8,23.7, 4, 2,6.85, 10, 4,0.0000000,15.9244300, 254,02*,287*
809,06/01/26 16:04,2,18.7,0.0,0.0,0.0,0.0, 2236, 8,23.7, 4, 2,6.85, 10, 4,0.0000000,15.9244300, 254,02*,288*
810,06/01/26 16:24,2,18.7,0.0,0.0,0.0,0.0, 2201, 8,23.4, 4, 2,6.85, 10, 4,0.0000000,15.9244300, 254,02*,289*
811,06/01/26 16:44,3,18.7,0.0,0.0,0.0,0.0, 2218, 8,23.4, 4, 2,6.85, 10, 4,0.0000000,15.9244300, 254,02*,290*
812,06/01/26 17:04,2,18.7,0.0,0.0,0.0,0.0, 2201, 9,23.4, 4, 2,6.82, 10, 4,0.0000000,15.9244300, 254,02*,291*
813,06/01/26 17:24,1,18.7,0.0,0.0,0.0,0.0, 2218, 9,23.4, 4, 2,6.88, 10, 4,0.0000000,15.9244300, 254,02*,292*
814,06/01/26 17:44,3,18.7,0.0,0.0,0.0,0.0, 2218, 8,23.4, 4, 2,6.88, 10, 4,0.0000000,15.9244300, 254,02*,293*
815,06/01/26 18:04,0,18.7,0.0,0.0,0.0,0.0, 2236, 8,23.7, 4, 2,6.88, 10, 4,0.0000000,15.9244300, 254,02*,294*
816,06/01/26 18:24,2,18.7,0.0,0.0,0.0,0.0, 2201, 9,23.4, 4, 2,6.82, 10, 4,0.0000000,15.9244300, 254,02*,295*
817,06/01/26 18:44,1,18.7,0.0,0.0,0.0,0.0, 2218, 8,23.7, 4, 2,6.82, 10, 4,0.0000000,15.9244300, 254,02*,296*
818,06/01/26 19:04,1,18.7,0.0,0.0,0.0,0.0, 2201, 8,23.7, 4, 2,6.88, 10, 4,0.0000000,15.9244300, 254,02*,297*
819,06/01/26 19:24,1,18.7,0.0,0.0,0.0,0.0, 2236, 8,23.7, 4, 2,6.79, 10, 4,0.0000000,15.9244300, 254,02*,298*
820,06/01/26 19:44,2,18.7,0.0,0.0,0.0,0.0, 2218, 8,23.4, 4, 2,6.79, 10, 4,0.0000000,15.9244300, 254,02*,299*
821,06/01/26 20:04,1,18.7,0.0,0.0,0.0,0.0, 2218, 8,23.7, 4, 2,6.79, 10, 4,0.0000000,15.9244300, 254,02*,300*
822,06/01/26 20:24,3,18.7,0.0,0.0,0.0,0.0, 2218, 8,23.4, 4, 2,6.79, 10, 4,0.0000000,15.9244300, 254,02*,301*
823,06/01/26 20:44,3,18.7,0.0,0.0,0.0,0.0, 2218, 8,23.4, 4, 2,6.82, 10, 4,0.0000000,15.9244300, 254,02*,302*
824,06/01/26 21:04,3,18.7,0.0,0.0,0.0,0.0, 2201, 9,23.4, 4, 2,6.79, 10, 4,0.0000000,15.9244300, 254,02*,303*
825,06/01/26 21:24,4,18.7,0.0,0.0,0.0,0.0, 2236, 8,23.4, 4, 2,6.79, 10, 4,0.0000000,15.9244300, 254,02*,304*
826,06/01/26 21:44,0,18.7,0.0,0.0,0.0,0.0, 2236, 8,23.4, 4, 2,6.79, 10, 4,0.0000000,15.9244300, 254,02*,305*
827,06/01/26 22:04,0,18.7,0.0,0.0,0.0,0.0, 2218, 8,23.4, 4, 2,6.88, 10, 4,0.0000000,15.9244300, 254,02*,306*
828,06/01/26 22:24,2,18.7,0.0,0.0,0.0,0.0, 2218, 8,23.4, 4, 2,6.85, 10, 4,0.0000000,15.9244300, 254,02*,307*
829,06/01/26 22:44,1,18.7,0.0,0.0,0.0,0.0, 2236, 8,23.4, 4, 2,6.79, 10, 4,0.0000000,15.9244300, 254,02*,308*
830,06/01/26 23:04,0,18.7,0.0,0.0,0.0,0.0, 2201, 9,23.4, 4, 2,6.82, 10, 4,0.0000000,15.9244300, 254,02*,309*
831,06/01/26 23:24,0,18.7,0.0,0.0,0.0,0.0, 2218, 8,23.4, 4, 2,6.88, 10, 4,0.0000000,15.9244300, 254,02*,310*
832,06/01/26 23:44,2,18.7,0.0,0.0,0.0,0.0, 2218, 8,23.4, 4, 2,6.82, 10, 4,0.0000000,15.9244300, 254,02*,311*
833,06/02/26 00:04,2,18.7,0.0,0.0,0.0,0.0, 2201, 8,23.4, 4, 2,6.79, 10, 4,0.0000000,15.9244300, 254,02*,312*
834,06/02/26 00:24,1,18.7,0.0,0.0,0.0,0.0, 2236, 8,23.4, 4, 2,6.82, 10, 4,0.0000000,15.9244300, 254,02*,313*
835,06/02/26 00:44,0,18.7,0.0,0.0,0.0,0.0, 2218, 8,23.4, 4, 2,6.79, 10, 4,0.0000000,15.9244300, 254,02*,314*
836,06/02/26 01:04,3,18.7,0.0,0.0,0.0,0.0, 2236, 8,23.4, 4, 2,6.82, 10, 4,0.0000000,15.9244300, 254,02*,315*
837,06/02/26 01:24,2,18.7,0.0,0.0,0.0,0.0, 2236, 8,23.4, 4, 2,6.82, 10, 4,0.0000000,15.9244300, 254,02*,316*
838,06/02/26 01:44,1,18.7,0.0,0.0,0.0,0.0, 2218, 8,23.4, 4, 2,6.82, 10, 4,0.0000000,15.9244300, 254,02*,317*
839,06/02/26 02:04,2,18.7,0.0,0.0,0.0,0.0, 2236, 8,23.4, 4, 2,6.82, 10, 4,0.0000000,15.9244300, 254,02*,318*
840,06/02/26 02:24,1,18.7,0.0,0.0,0.0,0.0, 2218, 8,23.4, 4, 2,6.79, 10, 4,0.0000000,15.9244300, 254,02*,319*
841,06/02/26 02:44,1,18.7,0.0,0.0,0.0,0.0, 2236, 8,23.4, 4, 2,6.79, 10, 4,0.0000000,15.9244300, 254,02*,320*
842,06/02/26 03:04,1,18.7,0.0,0.0,0.0,0.0, 2218, 8,23.4, 4, 2,6.88, 10, 4,0.0000000,15.9244300, 254,02*,321*
843,06/02/26 03:24,2,18.7,0.0,0.0,0.0,0.0, 2218, 8,23.4, 4, 2,6.88, 10, 4,0.0000000,15.9244300, 254,02*,322*
844,06/02/26 03:44,3,18.7,0.0,0.0,0.0,0.0, 2218, 8,23.4, 4, 2,6.88, 10, 4,0.0000000,15.9244300, 254,02*,323*
845,06/02/26 04:04,3,18.7,0.0,0.0,0.0,0.0, 2218, 8,23.4, 4, 2,6.79, 10, 4,0.0000000,15.9244300, 254,02*,324*
846,06/02/26 04:24,0,18.7,0.0,0.0,0.0,0.0, 2218, 8,23.4, 4, 2,6.82, 10, 4,0.0000000,15.9244300, 254,02*,325*
847,06/02/26 04:44,0,18.7,0.0,0.0,0.0,0.0, 2218, 8,23.4, 4, 2,6.82, 10, 4,0.0000000,15.9244300, 254,02*,326*
848,06/02/26 05:04,1,18.7,0.0,0.0,0.0,0.0, 2218, 8,23.4, 4, 2,6.82, 10, 4,0.0000000,15.9244300, 254,02*,327*
849,06/02/26 05:25,2,18.7,0.0,0.0,0.0,0.0, 2236, 9,23.4, 4, 2,6.88, 0, 4,0.0000000,15.9244300, 254,02*,328*
850,06/02/26 05:45,1,18.7,0.0,0.0,0.0,0.0, 2218, 8,23.4, 4, 2,6.79, 10, 4,0.0000000,15.9244300, 254,02*,329*
851,06/02/26 06:05,0,18.7,0.0,0.0,0.0,0.0, 2201, 9,23.4, 4, 2,6.79, 10, 4,0.0000000,15.9244300, 254,02*,330*
852,06/02/26 06:25,2,18.7,0.0,0.0,0.0,0.0, 2218, 8,23.4, 4, 2,6.88, 10, 4,0.0000000,15.9244300, 254,02*,331*
853,06/02/26 06:45,3,18.7,0.0,0.0,0.0,0.0, 2218, 8,23.4, 4, 2,6.79, 10, 4,0.0000000,15.9244300, 254,02*,332*
854,06/02/26 07:05,0,18.7,0.0,0.0,0.0,0.0, 2218, 8,23.4, 4, 2,6.85, 10, 4,0.0000000,15.9244300, 254,02*,333*
855,06/02/26 07:25,3,18.7,0.0,0.0,0.0,0.0, 2218, 8,23.4, 4, 2,6.85, 10, 4,0.0000000,15.9244300, 254,02*,334*
856,06/02/26 07:45,1,18.7,0.0,0.0,0.0,0.0, 2218, 8,23.4, 4, 2,6.82, 10, 4,0.0000000,15.9244300, 254,02*,335*
857,06/02/26 08:05,2,18.7,0.0,0.0,0.0,0.0, 2218, 8,23.4, 4, 2,6.79, 10, 4,0.0000000,15.9244300, 254,02*,336*
858,06/02/26 08:25,0,18.7,0.0,0.0,0.0,0.0, 2236, 8,23.4, 4, 2,6.82, 10, 4,0.0000000,15.9244300, 254,02*,337*
859,06/02/26 08:45,0,18.7,0.0,0.0,0.0,0.0, 2236, 8,23.1, 4, 2,6.88, 10, 4,0.0000000,15.9244300, 254,02*,338*
860,06/02/26 09:05,4,18.7,0.0,0.0,0.0,0.0, 2236, 8,23.4, 4, 2,6.82, 10, 4,0.0000000,15.9244300, 254,02*,339*
861,06/02/26 09:25,1,18.7,0.0,0.0,0.0,0.0, 2218, 8,23.4, 4, 2,6.88, 10, 4,0.0000000,15.9244300, 254,02*,340*
862,06/02/26 09:45,2,18.7,0.0,0.0,0.0,0.0, 2218, 8,23.4, 4, 2,6.79, 10, 4,0.0000000,15.9244300, 254,02*,341*
863,06/02/26 10:05,0,18.7,0.0,0.0,0.0,0.0, 2218, 8,23.4, 4, 2,6.85, 10, 4,0.0000000,15.9244300, 254,02*,342*
864,06/02/26 10:25,4,18.7,0.0,0.0,0.0,0.0, 2218, 8,23.4, 4, 2,6.82, 10, 4,0.0000000,15.9244300, 254,02*,343*
865,06/02/26 10:45,2,18.7,0.0,0.0,0.0,0.0, 2218, 8,23.4, 4, 2,6.82, 10, 4,0.0000000,15.9244300, 254,02*,344*
866,06/02/26 11:05,2,18.7,0.0,0.0,0.0,0.0, 2236, 9,23.4, 4, 2,6.79, 10, 4,0.0000000,15.9244300, 254,02*,345*
867,06/02/26 11:25,1,18.7,0.0,0.0,100.0,0.0, 2236, 8,23.4, 4, 2,6.85, 0, 4,3.9811060,19.2224800, 254,02*,346*
868,06/02/26 11:45,3,18.7,0.0,0.0,0.0,0.0, 2218, 8,23.4, 4, 2,6.79, 10, 4,0.0000000,15.9244300, 254,02*,347*
869,06/02/26 12:05,2,18.7,0.0,0.0,0.0,0.0, 2236, 8,23.4, 4, 2,6.85, 10, 4,0.0000000,15.9244300, 254,02*,348*
870,06/02/26 12:25,1,18.7,0.0,0.0,0.0,0.0, 2218, 8,23.4, 4, 2,6.88, 10, 4,0.0000000,15.9244300, 254,02*,349*
871,06/02/26 12:45,4,18.7,0.0,0.0,0.0,0.0, 2218, 8,23.4, 4, 2,6.79, 10, 4,0.0000000,15.9244300, 254,02*,350*
872,06/02/26 13:05,2,18.7,0.0,0.0,0.0,0.0, 2218, 8,23.4, 4, 2,6.82, 10, 4,0.0000000,15.9244300, 254,02*,351*
873,06/02/26 13:25,5,18.7,0.0,0.0,0.0,0.0, 2236, 8,23.4, 4, 2,6.82, 10, 4,0.0000000,15.9244300, 254,02*,352*
874,06/02/26 13:45,3,18.7,0.0,0.0,0.0,0.0, 2236, 8,23.4, 4, 2,6.85, 10, 4,0.0000000,15.9244300, 254,02*,353*
875,06/02/26 14:05,2,18.7,0.0,0.0,0.0,0.0, 2236, 8,23.4, 4, 2,6.88, 10, 4,0.0000000,15.9244300, 254,02*,354*
876,06/02/26 14:25,2,18.7,0.0,0.0,0.0,0.0, 2236, 8,23.4, 4, 2,6.79, 10, 4,0.0000000,15.9244300, 254,02*,355*
877,06/02/26 14:45,1,18.7,0.0,0.0,0.0,0.0, 2236, 8,23.4, 4, 2,6.88, 10, 4,0.0000000,15.9244300, 254,02*,356*
878,06/02/26 15:05,1,18.7,100.0,0.0,0.0,0.0, 2218, 8,23.4, 4, 2,6.88, 10, 4,3.9811060,19.2224800, 254,02*,357*
879,06/02/26 15:25,2,18.7,0.0,0.0,0.0,0.0, 2218, 8,23.4, 4, 2,6.88, 10, 4,0.0000000,15.9244300, 254,02*,358*
880,06/02/26 15:45,1,18.7,0.0,0.0,0.0,0.0, 2236, 8,23.4, 4, 2,6.79, 10, 4,0.0000000,15.9244300, 254,02*,359*
881,06/02/26 16:05,4,18.7,0.0,0.0,0.0,0.0, 2218, 8,23.4, 4, 2,6.82, 10, 4,0.0000000,15.9244300, 254,02*,360*
882,06/02/26 16:25,2,18.7,0.0,0.0,0.0,0.0, 2218, 8,23.7, 4, 2,6.85, 10, 4,0.0000000,15.9244300, 254,02*,361*
883,06/02/26 16:45,3,18.7,0.0,0.0,0.0,0.0, 2218, 8,23.7, 4, 2,6.88, 10, 4,0.0000000,15.9244300, 254,02*,362*
884,06/02/26 17:05,0,18.7,0.0,0.0,0.0,0.0, 2201, 9,23.4, 4, 2,6.88, 10, 4,0.0000000,15.9244300, 254,02*,363*
885,06/02/26 17:25,2,18.7,0.0,0.0,0.0,0.0, 2236, 8,23.7, 4, 2,6.79, 10, 4,0.0000000,15.9244300, 254,02*,364*
886,06/02/26 17:45,1,18.7,0.0,0.0,0.0,0.0, 2218, 8,23.7, 4, 2,6.88, 10, 4,0.0000000,15.9244300, 254,02*,365*
887,06/02/26 18:05,2,18.7,0.0,0.0,0.0,0.0, 2201, 8,23.4, 4, 2,6.88, 10, 4,0.0000000,15.9244300, 254,02*,366*
888,06/02/26 18:25,1,18.7,0.0,0.0,0.0,0.0, 2201, 9,23.7, 4, 2,6.82, 10, 4,0.0000000,15.9244300, 254,02*,367*
889,06/02/26 18:45,2,18.7,0.0,0.0,0.0,0.0, 2218, 8,23.4, 4, 2,6.85, 0, 4,0.0000000,15.9244300, 254,02*,368*
890,06/02/26 19:05,1,18.7,0.0,0.0,0.0,0.0, 2236, 8,23.4, 4, 2,6.82, 10, 4,0.0000000,15.9244300, 254,02*,369*
891,06/02/26 19:25,0,18.7,0.0,0.0,0.0,0.0, 2218, 8,23.7, 4, 2,6.88, 10, 4,0.0000000,15.9244300, 254,02*,370*
892,06/02/26 19:45,0,18.7,0.0,0.0,0.0,0.0, 2218, 8,23.4, 4, 2,6.82, 10, 4,0.0000000,15.9244300, 254,02*,371*
893,06/02/26 20:05,3,18.7,0.0,0.0,0.0,0.0, 2218, 8,23.4, 4, 2,6.85, 10, 4,0.0000000,15.9244300, 254,02*,372*
894,06/02/26 20:25,5,18.7,0.0,0.0,0.0,0.0, 2218, 8,23.4, 4, 2,6.88, 10, 4,0.0000000,15.9244300, 254,02*,373*
895,06/02/26 20:45,3,18.7,0.0,0.0,0.0,0.0, 2236, 8,23.4, 4, 2,6.85, 0, 4,0.0000000,15.9244300, 254,02*,374*
896,06/02/26 21:05,2,18.7,0.0,0.0,0.0,0.0, 2218, 8,23.4, 4, 2,6.82, 10, 4,0.0000000,15.9244300, 254,02*,375*
897,06/02/26 21:25,2,18.7,0.0,0.0,0.0,0.0, 2218, 8,23.7, 4, 2,6.82, 10, 4,0.0000000,15.9244300, 254,02*,376*
898,06/02/26 21:45,1,18.7,0.0,0.0,0.0,0.0, 2218, 8,23.4, 4, 2,6.79, 10, 4,0.0000000,15.9244300, 254,02*,377*
899,06/02/26 22:05,1,18.7,0.0,0.0,0.0,0.0, 2236, 8,23.4, 4, 2,6.85, 10, 4,0.0000000,15.9244300, 254,02*,378*
900,06/02/26 22:25,2,18.7,0.0,0.0,0.0,0.0, 2218, 8,23.7, 4, 2,6.88, 10, 4,0.0000000,15.9244300, 254,02*,379*
901,06/02/26 22:45,3,18.7,0.0,0.0,0.0,0.0, 2218, 8,23.4, 4, 2,6.85, 10, 4,0.0000000,15.9244300, 254,02*,380*
902,06/02/26 23:05,1,18.7,0.0,0.0,0.0,0.0, 2218, 8,23.4, 4, 2,6.88, 10, 4,0.0000000,15.9244300, 254,02*,381*
903,06/02/26 23:25,2,18.7,0.0,0.0,0.0,0.0, 2218, 8,23.4, 4, 2,6.85, 10, 4,0.0000000,15.9244300, 254,02*,382*
904,06/02/26 23:45,2,18.7,0.0,0.0,0.0,0.0, 2218, 8,23.4, 4, 2,6.79, 10, 4,0.0000000,15.9244300, 254,02*,383*
905,06/03/26 00:05,1,18.7,0.0,0.0,0.0,0.0, 2236, 8,23.4, 4, 2,6.79, 10, 4,0.0000000,15.9244300, 254,02*,384*
906,06/03/26 00:25,4,18.7,0.0,0.0,0.0,0.0, 2218, 8,23.4, 4, 2,6.88, 10, 4,0.0000000,15.9244300, 254,02*,385*
907,06/03/26 00:45,3,18.7,0.0,0.0,0.0,0.0, 2236, 8,23.4, 4, 2,6.79, 10, 4,0.0000000,15.9244300, 254,02*,386*
908,06/03/26 01:05,3,18.7,0.0,0.0,0.0,0.0, 2218, 8,23.4, 4, 2,6.82, 10, 4,0.0000000,15.9244300, 254,02*,387*
909,06/03/26 01:25,5,18.7,0.0,0.0,0.0,0.0, 2236, 8,23.4, 4, 2,6.82, 10, 4,0.0000000,15.9244300, 254,02*,388*
910,06/03/26 01:45,2,18.7,0.0,0.0,0.0,0.0, 2218, 8,23.4, 4, 2,6.79, 10, 4,0.0000000,15.9244300, 254,02*,389*
911,06/03/26 02:05,0,18.7,0.0,0.0,0.0,0.0, 2218, 8,23.1, 4, 2,6.88, 10, 4,0.0000000,15.9244300, 254,02*,390*
912,06/03/26 02:25,1,18.7,0.0,0.0,0.0,0.0, 2218, 8,23.4, 4, 2,6.79, 10, 4,0.0000000,15.9244300, 254,02*,391*
913,06/03/26 02:45,1,18.7,0.0,0.0,0.0,0.0, 2218, 8,23.7, 4, 2,6.79, 10, 4,0.0000000,15.9244300, 254,02*,392*
914,06/03/26 03:05,0,18.7,0.0,0.0,0.0,0.0, 2218, 8,23.4, 4, 2,6.88, 10, 4,0.0000000,15.9244300, 254,02*,393*
915,06/03/26 03:25,1,18.7,0.0,0.0,0.0,0.0, 2236, 8,23.4, 4, 2,6.85, 10, 4,0.0000000,15.9244300, 254,02*,394*
916,06/03/26 03:46,2,18.7,0.0,0.0,0.0,0.0, 2218, 8,23.4, 4, 2,6.79, 10, 4,0.0000000,15.9244300, 254,02*,395*
917,06/03/26 04:06,1,18.7,0.0,0.0,0.0,0.0, 2236, 8,23.4, 4, 2,6.79, 0, 4,0.0000000,15.9244300, 254,02*,396*
918,06/03/26 04:26,1,18.7,0.0,0.0,0.0,0.0, 2236, 8,23.4, 4, 2,6.79, 10, 4,0.0000000,15.9244300, 254,02*,397*
919,06/03/26 04:46,3,18.7,0.0,0.0,0.0,0.0, 2236, 8,23.4, 4, 2,6.79, 10, 4,0.0000000,15.9244300, 254,02*,398*
920,06/03/26 05:06,1,18.7,0.0,0.0,0.0,0.0, 2218, 9,23.4, 4, 2,6.85, 0, 4,0.0000000,15.9244300, 254,02*,399*
921,06/03/26 05:26,1,18.7,0.0,0.0,0.0,0.0, 2236, 8,23.4, 4, 2,6.82, 10, 4,0.0000000,15.9244300, 254,02*,400*
922,06/03/26 05:46,0,18.7,0.0,0.0,0.0,0.0, 2218, 8,23.4, 4, 2,6.85, 10, 4,0.0000000,15.9244300, 254,02*,401*
923,06/03/26 06:06,2,18.7,0.0,0.0,0.0,0.0, 2218, 8,23.4, 4, 2,6.82, 10, 4,0.0000000,15.9244300, 254,02*,402*
924,06/03/26 06:26,1,18.7,0.0,0.0,0.0,0.0, 2218, 8,23.4, 4, 2,6.82, 10, 4,0.0000000,15.9244300, 254,02*,403*
925,06/03/26 06:46,3,18.7,0.0,0.0,0.0,0.0, 2218, 8,23.4, 4, 2,6.88, 10, 4,0.0000000,15.9244300, 254,02*,404*
926,06/03/26 07:06,0,18.7,0.0,0.0,0.0,0.0, 2218, 8,23.4, 4, 2,6.82, 10, 4,0.0000000,15.9244300, 254,02*,405*
927,06/03/26 07:26,2,18.7,0.0,0.0,0.0,0.0, 2218, 8,23.4, 4, 2,6.79, 0, 4,0.0000000,15.9244300, 254,02*,406*
928,06/03/26 07:46,0,18.7,0.0,0.0,0.0,0.0, 2218, 8,23.4, 4, 2,6.79, 10, 4,0.0000000,15.9244300, 254,02*,407*
929,06/03/26 08:06,1,18.7,0.0,0.0,0.0,0.0, 2236, 8,23.4, 4, 2,6.88, 10, 4,0.0000000,15.9244300, 254,02*,408*
930,06/03/26 08:26,0,18.7,0.0,0.0,0.0,0.0, 2236, 8,23.4, 4, 2,6.88, 10, 4,0.0000000,15.9244300, 254,02*,409*
931,06/03/26 08:46,2,18.7,0.0,0.0,0.0,0.0, 2236, 8,23.4, 4, 2,6.82, 10, 4,0.0000000,15.9244300, 254,02*,410*
932,06/03/26 09:06,1,18.7,0.0,0.0,0.0,0.0, 2201, 9,23.4, 4, 2,6.88, 10, 4,0.0000000,15.9244300, 254,02*,411*
933,06/03/26 09:26,4,18.7,0.0,0.0,0.0,0.0, 2218, 8,23.4, 4, 2,6.82, 0, 4,0.0000000,15.9244300, 254,02*,412*
934,06/03/26 09:46,2,18.7,0.0,0.0,0.0,0.0, 2236, 9,23.4, 4, 2,6.82, 10, 4,0.0000000,15.9244300, 254,02*,413*
935,06/03/26 10:06,1,18.7,0.0,0.0,0.0,0.0, 2201, 9,23.7, 4, 2,6.82, 0, 4,0.0000000,15.9244300, 254,02*,414*
936,06/03/26 10:26,1,18.7,0.0,0.0,0.0,0.0, 2218, 8,23.4, 6, 2,6.88, 10, 4,0.0000000,15.9244300, 254,02*,415*
937,06/03/26 10:46,0,18.7,0.0,0.0,0.0,0.0, 2236, 8,23.4, 7, 2,6.82, 0, 4,0.0000000,15.9244300, 254,02*,416*
938,06/03/26 11:06,0,18.7,0.0,0.0,0.0,0.0, 2218, 8,23.4, 4, 2,6.88, 10, 4,0.0000000,15.9244300, 254,02*,417*
939,06/03/26 11:26,2,18.7,0.0,0.0,0.0,0.0, 2218, 9,23.4, 4, 2,6.88, 10, 4,0.0000000,15.9244300, 254,02*,418*
940,06/03/26 11:46,1,18.7,0.0,0.0,0.0,0.0, 2218, 8,23.4, 4, 2,6.82, 10, 4,0.0000000,15.9244300, 254,02*,419*
941,06/03/26 12:06,2,18.7,0.0,0.0,0.0,0.0, 2236, 8,23.4, 4, 2,6.79, 10, 4,0.0000000,15.9244300, 254,02*,420*
942,06/03/26 12:26,2,18.7,0.0,0.0,0.0,0.0, 2236, 8,23.7, 4, 2,6.79, 10, 4,0.0000000,15.9244300, 254,02*,421*
943,06/03/26 12:46,0,18.7,0.0,0.0,0.0,0.0, 2236, 8,23.4, 4, 2,6.79, 10, 4,0.0000000,15.9244300, 254,02*,422*
944,06/03/26 13:06,2,18.7,0.0,0.0,0.0,0.0, 2218, 8,23.4, 4, 2,6.85, 10, 4,0.0000000,15.9244300, 254,02*,423*
945,06/03/26 13:26,2,18.7,0.0,0.0,0.0,0.0, 2236, 8,23.4, 4, 2,6.82, 10, 4,0.0000000,15.9244300, 254,02*,424*
946,06/03/26 13:46,0,18.7,0.0,0.0,0.0,0.0, 2218, 8,23.4, 4, 2,6.82, 10, 4,0.0000000,15.9244300, 254,02*,425*
947,06/03/26 14:06,0,18.7,0.0,0.0,0.0,0.0, 2218, 8,23.7, 4, 2,6.82, 10, 4,0.0000000,15.9244300, 254,02*,426*
948,06/03/26 14:26,2,18.7,0.0,0.0,0.0,0.0, 2201, 9,23.7, 4, 2,6.82, 10, 4,0.0000000,15.9244300, 254,02*,427*
949,06/03/26 14:46,1,18.7,0.0,0.0,0.0,0.0, 2218, 8,23.7, 4, 2,6.79, 10, 4,0.0000000,15.9244300, 254,02*,428*
950,06/03/26 15:06,3,18.7,0.0,0.0,0.0,0.0, 2218, 8,23.7, 4, 2,6.82, 10, 4,0.0000000,15.9244300, 254,02*,429*
951,06/03/26 15:26,0,18.7,0.0,0.0,0.0,0.0, 2218, 8,23.7, 4, 2,6.88, 10, 4,0.0000000,15.9244300, 254,02*,430*
952,06/03/26 15:46,2,18.7,0.0,0.0,0.0,0.0, 2236, 8,23.7, 4, 2,6.88, 10, 4,0.0000000,15.9244300, 254,02*,431*
953,06/03/26 16:06,1,18.7,0.0,0.0,0.0,0.0, 2218, 8,23.7, 4, 2,6.88, 10, 4,0.0000000,15.9244300, 254,02*,432*
954,06/03/26 16:26,2,18.7,0.0,0.0,0.0,0.0, 2218, 8,23.7, 4, 2,6.88, 10, 4,0.0000000,15.9244300, 254,02*,433*
955,06/03/26 16:46,2,18.7,0.0,0.0,0.0,0.0, 2201, 9,23.7, 4, 2,6.82, 10, 4,0.0000000,15.9244300, 254,02*,434*
956,06/03/26 17:06,2,18.7,0.0,0.0,0.0,0.0, 2218, 8,23.7, 4, 2,6.79, 10, 4,0.0000000,15.9244300, 254,02*,435*
957,06/03/26 17:26,1,18.7,0.0,0.0,0.0,0.0, 2218, 8,23.7, 4, 2,6.79, 10, 4,0.0000000,15.9244300, 254,02*,436*
958,06/03/26 17:46,2,18.7,0.0,0.0,0.0,0.0, 2236, 8,23.4, 4, 2,6.85, 0, 4,0.0000000,15.9244300, 254,02*,437*
959,06/03/26 18:06,6,18.7,0.0,0.0,0.0,0.0, 2218, 8,23.4, 4, 2,6.79, 10, 4,0.0000000,15.9244300, 254,02*,438*
960,06/03/26 18:26,2,18.7,0.0,0.0,0.0,0.0, 2218, 8,23.4, 4, 2,6.79, 10, 4,0.0000000,15.9244300, 254,02*,439*
961,06/03/26 18:46,4,18.7,0.0,0.0,0.0,0.0, 2218, 8,23.4, 4, 2,6.88, 0, 4,0.0000000,15.9244300, 254,02*,440*
962,06/03/26 19:06,3,18.7,0.0,0.0,0.0,0.0, 2236, 8,23.4, 4, 2,6.82, 10, 4,0.0000000,15.9244300, 254,02*,441*
963,06/03/26 19:26,1,18.7,0.0,0.0,0.0,0.0, 2201, 9,23.7, 4, 2,6.79, 10, 4,0.0000000,15.9244300, 254,02*,442*
964,06/03/26 19:46,2,18.7,0.0,0.0,0.0,0.0, 2218, 8,23.7, 4, 2,6.79, 10, 4,0.0000000,15.9244300, 254,02*,443*
965,06/03/26 20:06,2,18.7,0.0,0.0,0.0,0.0, 2218, 8,23.4, 4, 2,6.79, 10, 4,0.0000000,15.9244300, 254,02*,444*
966,06/03/26 20:26,0,18.7,0.0,0.0,0.0,0.0, 2218, 8,23.4, 4, 2,6.82, 10, 4,0.0000000,15.9244300, 254,02*,445*
967,06/03/26 20:46,3,18.7,0.0,0.0,0.0,0.0, 2218, 8,23.4, 4, 2,6.88, 10, 4,0.0000000,15.9244300, 254,02*,446*
968,06/03/26 21:06,2,18.7,0.0,0.0,0.0,0.0, 2236, 8,23.4, 4, 2,6.82, 10, 4,0.0000000,15.9244300, 254,02*,447*
969,06/03/26 21:26,1,18.7,0.0,0.0,0.0,0.0, 2218, 8,23.4, 4, 2,6.82, 10, 4,0.0000000,15.9244300, 254,02*,448*
970,06/03/26 21:46,3,18.7,0.0,0.0,0.0,0.0, 2218, 9,23.4, 4, 2,6.88, 10, 4,0.0000000,15.9244300, 254,02*,449*
971,06/03/26 22:06,2,18.7,0.0,0.0,0.0,0.0, 2218, 8,23.4, 4, 2,6.82, 10, 4,0.0000000,15.9244300, 254,02*,450*
972,06/03/26 22:26,3,18.7,0.0,0.0,0.0,0.0, 2236, 8,23.4, 4, 2,6.82, 10, 4,0.0000000,15.9244300, 254,02*,451*
973,06/03/26 22:46,1,18.7,0.0,0.0,0.0,0.0, 2218, 8,23.4, 4, 2,6.88, 10, 4,0.0000000,15.9244300, 254,02*,452*
974,06/03/26 23:06,2,18.7,0.0,0.0,0.0,0.0, 2218, 8,23.4, 4, 2,6.82, 10, 4,0.0000000,15.9244300, 254,02*,453*
975,06/03/26 23:26,1,18.7,0.0,0.0,0.0,0.0, 2201, 9,23.1, 4, 2,6.82, 10, 4,0.0000000,15.9244300, 254,02*,454*
976,06/03/26 23:46,5,18.7,0.0,0.0,0.0,0.0, 2218, 8,23.4, 4, 2,6.85, 10, 4,0.0000000,15.9244300, 254,02*,455*
977,06/04/26 00:06,3,18.7,0.0,0.0,0.0,0.0, 2236, 8,23.4, 4, 2,6.85, 10, 4,0.0000000,15.9244300, 254,02*,456*
978,06/04/26 00:26,0,18.7,0.0,0.0,0.0,0.0, 2236, 8,23.4, 4, 2,6.88, 10, 4,0.0000000,15.9244300, 254,02*,457*
979,06/04/26 00:46,2,18.7,0.0,0.0,0.0,0.0, 2218, 8,23.1, 4, 2,6.82, 10, 4,0.0000000,15.9244300, 254,02*,458*
980,06/04/26 01:06,1,18.7,0.0,0.0,0.0,0.0, 2218, 8,23.1, 4, 2,6.88, 10, 4,0.0000000,15.9244300, 254,02*,459*
981,06/04/26 01:26,1,18.7,0.0,0.0,0.0,0.0, 2218, 9,23.1, 4, 2,6.88, 10, 4,0.0000000,15.9244300, 254,02*,460*
982,06/04/26 01:47,3,18.7,0.0,0.0,0.0,0.0, 2201, 8,23.4, 4, 2,6.88, 10, 4,0.0000000,15.9244300, 254,02*,461*
983,06/04/26 02:07,5,18.7,0.0,0.0,0.0,0.0, 2218, 8,23.4, 4, 2,6.79, 10, 4,0.0000000,15.9244300, 254,02*,462*
984,06/04/26 02:27,2,18.7,0.0,0.0,0.0,0.0, 2201, 9,23.4, 4, 2,6.91, 10, 4,0.0000000,15.9244300, 254,02*,463*
985,06/04/26 02:47,1,18.7,0.0,0.0,0.0,0.0, 2236, 8,23.4, 4, 2,6.82, 10, 4,0.0000000,15.9244300, 254,02*,464*
986,06/04/26 03:07,1,18.7,0.0,0.0,0.0,0.0, 2218, 8,23.4, 4, 2,6.88, 10, 4,0.0000000,15.9244300, 254,02*,465*
987,06/04/26 03:27,1,18.7,0.0,0.0,0.0,0.0, 2218, 8,23.4, 4, 2,6.88, 0, 4,0.0000000,15.9244300, 254,02*,466*
988,06/04/26 03:47,3,18.7,0.0,0.0,0.0,0.0, 2236, 8,23.1, 4, 2,6.79, 10, 4,0.0000000,15.9244300, 254,02*,467*
989,06/04/26 04:07,1,18.7,0.0,0.0,0.0,0.0, 2218, 8,23.4, 4, 2,6.82, 10, 4,0.0000000,15.9244300, 254,02*,468*
990,06/04/26 04:27,3,18.7,0.0,0.0,0.0,0.0, 2218, 8,23.4, 4, 2,6.82, 10, 4,0.0000000,15.9244300, 254,02*,469*
991,06/04/26 04:47,2,18.7,0.0,0.0,0.0,0.0, 2218, 8,23.4, 4, 2,6.88, 10, 4,0.0000000,15.9244300, 254,02*,470*
992,06/04/26 05:07,0,18.7,0.0,0.0,0.0,0.0, 2218, 8,23.4, 4, 2,6.79, 10, 4,0.0000000,15.9244300, 254,02*,471*
993,06/04/26 05:27,1,18.7,0.0,0.0,0.0,0.0, 2218, 7,23.4, 4, 2,6.85, 0, 4,0.0000000,15.9244300, 254,02*,472*
994,06/04/26 05:47,1,18.7,0.0,0.0,0.0,0.0, 2218, 8,23.7, 4, 2,6.79, 10, 4,0.0000000,15.9244300, 254,02*,473*
995,06/04/26 06:07,5,18.7,0.0,0.0,0.0,0.0, 2236, 8,23.4, 4, 2,6.85, 10, 4,0.0000000,15.9244300, 254,02*,474*
996,06/04/26 06:27,2,18.7,0.0,0.0,0.0,0.0, 2236, 8,23.7, 4, 2,6.88, 10, 4,0.0000000,15.9244300, 254,02*,475*
997,06/04/26 06:47,2,18.7,0.0,0.0,0.0,0.0, 2218, 9,23.7, 4, 2,6.85, 10, 4,0.0000000,15.9244300, 254,02*,476*
998,06/04/26 07:07,0,18.7,0.0,0.0,0.0,0.0, 2218, 8,23.7, 4, 2,6.88, 10, 4,0.0000000,15.9244300, 254,02*,477*
999,06/04/26 07:27,0,18.7,0.0,0.0,0.0,0.0, 2218, 8,23.7, 4, 2,6.79, 10, 4,0.0000000,15.9244300, 254,02*,478*

* Indicates estimated value
